[
    {"name": "IntelliJ IDEA Community Edition 2020.1", "url": "https://download.jetbrains.com/idea/ideaIC-2020.1.4.tar.gz", "kind":  "Idea_Community"},
    {"name": "IntelliJ IDEA Community Edition 2020.2", "url": "https://download.jetbrains.com/idea/ideaIC-2020.2.4.tar.gz", "kind":  "Idea_Community"},
    {"name": "IntelliJ IDEA Community Edition 2020.3", "url": "https://download.jetbrains.com/idea/ideaIC-2020.3.4.tar.gz", "kind":  "Idea_Community"},
    {"name": "IntelliJ IDEA Community Edition 2021.2", "url": "https://download.jetbrains.com/idea/ideaIC-2021.2.3.tar.gz", "kind":  "Idea_Community"},
    {"name": "IntelliJ IDEA Community Edition 2021.3", "url": "https://download.jetbrains.com/idea/ideaIC-2021.3.2.tar.gz", "kind":  "Idea_Community"},
    {"name": "IntelliJ IDEA Ultimate 2020.2", "url": "https://download.jetbrains.com/idea/ideaIU-2020.2.4.tar.gz", "kind":  "Idea_Ultimate"},
    {"name": "IntelliJ IDEA Ultimate 2020.3", "url": "https://download.jetbrains.com/idea/ideaIU-2020.3.4.tar.gz", "kind":  "Idea_Ultimate"},
    {"name": "IntelliJ IDEA Ultimate 2021.2", "url": "https://download.jetbrains.com/idea/ideaIU-2021.2.3.tar.gz", "kind":  "Idea_Ultimate"},
    {"name": "IntelliJ IDEA Ultimate 2021.3", "url": "https://download.jetbrains.com/idea/ideaIU-2021.3.2.tar.gz", "kind":  "Idea_Ultimate"},
    {"name": "CLion 2020.2", "url": "https://download.jetbrains.com/cpp/CLion-2020.2.5.tar.gz", "kind":  "CLion"},
    {"name": "CLion 2020.3", "url": "https://download.jetbrains.com/cpp/CLion-2020.3.4.tar.gz", "kind":  "CLion"},
    {"name": "CLion 2021.2", "url": "https://download.jetbrains.com/cpp/CLion-2021.2.3.tar.gz", "kind":  "CLion"},
    {"name": "CLion 2021.3", "url": "https://download.jetbrains.com/cpp/CLion-2021.3.3.tar.gz", "kind":  "CLion"},
    {"name": "GoLand 2020.2", "url": "https://download.jetbrains.com/go/goland-2020.2.4.tar.gz", "kind":  "GoLand"},
    {"name": "GoLand 2020.3", "url": "https://download.jetbrains.com/go/goland-2020.3.5.tar.gz", "kind":  "GoLand"},
    {"name": "GoLand 2021.2", "url": "https://download.jetbrains.com/go/goland-2021.2.4.tar.gz", "kind":  "GoLand"},
    {"name": "GoLand 2021.3", "url": "https://download.jetbrains.com/go/goland-2021.3.3.tar.gz", "kind":  "GoLand"},
    {"name": "DataGrip 2020.2", "url": "https://download.jetbrains.com/datagrip/datagrip-2020.2.3.tar.gz", "kind":  "DataGrip"},
    {"name": "DataGrip 2020.3", "url": "https://download.jetbrains.com/datagrip/datagrip-2020.3.2.tar.gz", "kind":  "DataGrip"},
    {"name": "DataGrip 2021.2", "url": "https://download.jetbrains.com/datagrip/datagrip-2021.2.4.tar.gz", "kind":  "DataGrip"},
    {"name": "DataGrip 2021.3", "url": "https://download.jetbrains.com/datagrip/datagrip-2021.3.4.tar.gz", "kind":  "DataGrip"},
    {"name": "PhpStorm 2020.2", "url": "https://download.jetbrains.com/webide/PhpStorm-2020.2.4.tar.gz", "kind":  "PhpStorm"},
    {"name": "PhpStorm 2020.3", "url": "https://download.jetbrains.com/webide/PhpStorm-2020.3.3.tar.gz", "kind":  "PhpStorm"},
    {"name": "PhpStorm 2021.2", "url": "https://download.jetbrains.com/webide/PhpStorm-2021.2.3.tar.gz", "kind":  "PhpStorm"},
    {"name": "PhpStorm 2021.3", "url": "https://download.jetbrains.com/webide/PhpStorm-2021.3.2.tar.gz", "kind":  "PhpStorm"},
    {"name": "PyCharm Community Edition 2020.2", "url": "https://download.jetbrains.com/python/pycharm-community-2020.2.5.tar.gz", "kind":  "PyCharm_Community"},
    {"name": "PyCharm Community Edition 2020.3", "url": "https://download.jetbrains.com/python/pycharm-community-2020.3.5.tar.gz", "kind":  "PyCharm_Community"},
    {"name": "PyCharm Community Edition 2021.3", "url": "https://download.jetbrains.com/python/pycharm-community-2021.3.2.tar.gz", "kind":  "PyCharm_Community"},
    {"name": "PyCharm Professional Edition 2020.2", "url": "https://download.jetbrains.com/python/pycharm-professional-2020.2.5.tar.gz", "kind":  "PyCharm_Professional"},
    {"name": "PyCharm Professional Edition 2020.3", "url": "https://download.jetbrains.com/python/pycharm-professional-2020.3.5.tar.gz", "kind":  "PyCharm_Professional"},
    {"name": "PyCharm Professional Edition 2021.3", "url": "https://download.jetbrains.com/python/pycharm-professional-2021.3.2.tar.gz", "kind":  "PyCharm_Professional"},
    {"name": "RubyMine 2020.3", "url": "https://download.jetbrains.com/ruby/RubyMine-2020.3.4.tar.gz", "kind":  "RubyMine"},
    {"name": "RubyMine 2021.2", "url": "https://download.jetbrains.com/ruby/RubyMine-2021.2.3.tar.gz", "kind":  "RubyMine"},
    {"name": "RubyMine 2021.3", "url": "https://download.jetbrains.com/ruby/RubyMine-2021.3.2.tar.gz", "kind":  "RubyMine"},
    {"name": "WebStorm 2020.3", "url": "https://download.jetbrains.com/webstorm/WebStorm-2020.3.3.tar.gz", "kind":  "WebStorm"},
    {"name": "WebStorm 2021.2", "url": "https://download.jetbrains.com/webstorm/WebStorm-2021.2.3.tar.gz", "kind":  "WebStorm"},
    {"name": "WebStorm 2021.3", "url": "https://download.jetbrains.com/webstorm/WebStorm-2021.3.2.tar.gz", "kind":  "WebStorm"},
    {"name": "Rider 2020.2", "url": "https://download.jetbrains.com/rider/JetBrains.Rider-2020.2.5.tar.gz", "kind":  "Rider"},
    {"name": "Rider 2020.3", "url": "https://download.jetbrains.com/rider/JetBrains.Rider-2020.3.4.tar.gz", "kind":  "Rider"},
    {"name": "Rider 2021.2", "url": "https://download.jetbrains.com/rider/JetBrains.Rider-2021.2.2.tar.gz", "kind":  "Rider"},
    {"name": "Rider 2021.3", "url": "https://download.jetbrains.com/rider/JetBrains.Rider-2021.3.3.tar.gz", "kind":  "Rider"},
    {"name": "DataSpell EAP 2021.3", "url": "https://download.jetbrains.com/python/dataspell-2021.3.2.tar.gz", "kind":  "DataSpell"},
    {"name": "MPS 2020.3", "url": "https://download.jetbrains.com/mps/2020.3/MPS-2020.3.5.tar.gz", "kind":  "MPS"}
]
